Proj. real.,OWC 1,OWC 2,OWC 3,OWC 4,OWC 5,OWC 6,OWC 7,std_valysar. Floodplain. PHIT. expected mean,std_valysar. Channel. PHIT. expected mean,std_valysar. Crevasse. PHIT. expected mean,Zone,Segment,Facies,BulkOil [m³],PoreOil [m³],HCPVOil [m³],STOIIP [Sm³],AssociatedGas [Sm³],BulkGas [m³],PoreGas [m³],HCPVGas [m³],GIIP [Sm³],AssociatedLiquid [Sm³],Bulk [m³],Pore [m³]
1,1660.000,1677.000,1677.000,1660.000,1677.000,1677.000,1660.000,0.103,0.275,0.209,Valysar,WestLowland,Floodplain,1216406.393,120876.407,6266.711,4370.091,615308.860,0.000,0.000,0.000,0.000,0.000,220903569.222,21767002.056
1,1660.000,1677.000,1677.000,1660.000,1677.000,1677.000,1660.000,0.103,0.275,0.209,Valysar,WestLowland,Channel,2550085.457,673328.746,587145.157,409445.725,57649959.232,0.000,0.000,0.000,0.000,0.000,177897045.910,46726450.880
1,1660.000,1677.000,1677.000,1660.000,1677.000,1677.000,1660.000,0.103,0.275,0.209,Valysar,WestLowland,Crevasse,696757.366,155019.783,100430.351,70035.114,9860944.246,0.000,0.000,0.000,0.000,0.000,68625649.107,13932933.466
1,1660.000,1677.000,1677.000,1660.000,1677.000,1677.000,1660.000,0.103,0.275,0.209,Valysar,WestLowland,Coal,552776.938,0.000,0.000,0.000,0.000,0.000,0.000,0.000,0.000,0.000,62322202.995,0.000
1,1660.000,1677.000,1677.000,1660.000,1677.000,1677.000,1660.000,0.103,0.275,0.209,Valysar,WestLowland,Totals,5016026.154,949224.936,693842.219,483850.930,68126212.339,0.000,0.000,0.000,0.000,0.000,529748467.236,82426386.402
1,1660.000,1677.000,1677.000,1660.000,1677.000,1677.000,1660.000,0.103,0.275,0.209,Valysar,CentralSouth,Floodplain,23048252.008,2400961.703,110323.395,76934.029,10832311.517,0.000,0.000,0.000,0.000,0.000,61833630.571,6134454.260
1,1660.000,1677.000,1677.000,1660.000,1677.000,1677.000,1660.000,0.103,0.275,0.209,Valysar,CentralSouth,Channel,20324697.945,5477609.037,4926687.588,3435626.006,483736152.046,0.000,0.000,0.000,0.000,0.000,34994853.846,9397348.367
1,1660.000,1677.000,1677.000,1660.000,1677.000,1677.000,1660.000,0.103,0.275,0.209,Valysar,CentralSouth,Crevasse,6392862.006,1339406.908,892719.857,622538.268,87653390.254,0.000,0.000,0.000,0.000,0.000,16656155.919,3426141.636
1,1660.000,1677.000,1677.000,1660.000,1677.000,1677.000,1660.000,0.103,0.275,0.209,Valysar,CentralSouth,Coal,7309306.745,0.000,0.000,0.000,0.000,0.000,0.000,0.000,0.000,0.000,17723346.851,0.000
1,1660.000,1677.000,1677.000,1660.000,1677.000,1677.000,1660.000,0.103,0.275,0.209,Valysar,CentralSouth,Totals,57075118.704,9217977.648,5929730.840,4135098.303,582221853.817,0.000,0.000,0.000,0.000,0.000,131207987.188,18957944.264
1,1660.000,1677.000,1677.000,1660.000,1677.000,1677.000,1660.000,0.103,0.275,0.209,Valysar,CentralNorth,Floodplain,15994580.482,1549855.630,139814.468,97499.631,13727948.349,0.000,0.000,0.000,0.000,0.000,45107684.068,4058987.130
1,1660.000,1677.000,1677.000,1660.000,1677.000,1677.000,1660.000,0.103,0.275,0.209,Valysar,CentralNorth,Channel,8981674.846,2376127.460,2137730.264,1490746.381,209897095.040,0.000,0.000,0.000,0.000,0.000,24438885.852,6442508.657
1,1660.000,1677.000,1677.000,1660.000,1677.000,1677.000,1660.000,0.103,0.275,0.209,Valysar,CentralNorth,Crevasse,2733479.141,572617.757,398509.357,277900.534,39128396.087,0.000,0.000,0.000,0.000,0.000,12529817.099,2561345.028
1,1660.000,1677.000,1677.000,1660.000,1677.000,1677.000,1660.000,0.103,0.275,0.209,Valysar,CentralNorth,Coal,5602041.562,0.000,0.000,0.000,0.000,0.000,0.000,0.000,0.000,0.000,19229760.811,0.000
1,1660.000,1677.000,1677.000,1660.000,1677.000,1677.000,1660.000,0.103,0.275,0.209,Valysar,CentralNorth,Totals,33311776.031,4498600.848,2676054.088,1866146.545,262753439.476,0.000,0.000,0.000,0.000,0.000,101306147.830,13062840.816
1,1660.000,1677.000,1677.000,1660.000,1677.000,1677.000,1660.000,0.103,0.275,0.209,Valysar,NorthHorst,Floodplain,1584388.442,150000.337,3976.047,2442.289,478444.408,6825382.188,673495.680,139476.957,32436501.222,4962.785,14726674.401,1420779.214
1,1660.000,1677.000,1677.000,1660.000,1677.000,1677.000,1660.000,0.103,0.275,0.209,Valysar,NorthHorst,Channel,541998.009,140882.527,121255.009,74480.962,14590820.032,5840259.147,1529572.494,1468687.848,341555308.286,52257.962,11125296.607,2910472.300
1,1660.000,1677.000,1677.000,1660.000,1677.000,1677.000,1660.000,0.103,0.275,0.209,Valysar,NorthHorst,Crevasse,468578.291,100920.147,64511.233,39626.063,7762745.583,3834114.836,813240.671,672959.858,156502290.235,23944.851,6387980.254,1338568.854
1,1660.000,1677.000,1677.000,1660.000,1677.000,1677.000,1660.000,0.103,0.275,0.209,Valysar,NorthHorst,Coal,1250776.209,0.000,0.000,0.000,0.000,8202929.916,0.000,0.000,0.000,0.000,12268762.905,0.000
1,1660.000,1677.000,1677.000,1660.000,1677.000,1677.000,1660.000,0.103,0.275,0.209,Valysar,NorthHorst,Totals,3845740.951,391803.011,189742.289,116549.315,22832010.022,24702686.088,3016308.845,2281124.663,530494099.743,81165.598,44508714.168,5669820.369
1,1660.000,1677.000,1677.000,1660.000,1677.000,1677.000,1660.000,0.103,0.275,0.209,Valysar,CentralRamp,Floodplain,7155952.964,732978.829,111255.504,77584.035,10923832.399,0.000,0.000,0.000,0.000,0.000,7155952.964,732978.829
1,1660.000,1677.000,1677.000,1660.000,1677.000,1677.000,1660.000,0.103,0.275,0.209,Valysar,CentralRamp,Channel,2110775.852,583501.592,550018.581,383555.505,54004616.195,0.000,0.000,0.000,0.000,0.000,2110775.852,583501.592
1,1660.000,1677.000,1677.000,1660.000,1677.000,1677.000,1660.000,0.103,0.275,0.209,Valysar,CentralRamp,Crevasse,1947797.716,431731.321,339859.389,237000.974,33369737.852,0.000,0.000,0.000,0.000,0.000,1947797.716,431731.321
1,1660.000,1677.000,1677.000,1660.000,1677.000,1677.000,1660.000,0.103,0.275,0.209,Valysar,CentralRamp,Coal,1916293.901,0.000,0.000,0.000,0.000,0.000,0.000,0.000,0.000,0.000,1916293.901,0.000
1,1660.000,1677.000,1677.000,1660.000,1677.000,1677.000,1660.000,0.103,0.275,0.209,Valysar,CentralRamp,Totals,13130820.433,1748211.742,1001133.474,698140.513,98298186.445,0.000,0.000,0.000,0.000,0.000,13130820.433,1748211.742
1,1660.000,1677.000,1677.000,1660.000,1677.000,1677.000,1660.000,0.103,0.275,0.209,Valysar,CentralHorst,Floodplain,35808238.390,3508966.249,574169.091,400396.864,56375879.779,0.000,0.000,0.000,0.000,0.000,43533883.234,4166702.361
1,1660.000,1677.000,1677.000,1660.000,1677.000,1677.000,1660.000,0.103,0.275,0.209,Valysar,CentralHorst,Channel,25741703.262,7186962.263,6782900.932,4730056.541,665991975.501,0.000,0.000,0.000,0.000,0.000,31565871.616,8738071.836
1,1660.000,1677.000,1677.000,1660.000,1677.000,1677.000,1660.000,0.103,0.275,0.209,Valysar,CentralHorst,Crevasse,8491969.222,1788387.225,1326077.785,924740.455,130203459.035,0.000,0.000,0.000,0.000,0.000,11021918.837,2308485.960
1,1660.000,1677.000,1677.000,1660.000,1677.000,1677.000,1660.000,0.103,0.275,0.209,Valysar,CentralHorst,Coal,10797188.856,0.000,0.000,0.000,0.000,0.000,0.000,0.000,0.000,0.000,15261764.777,0.000
1,1660.000,1677.000,1677.000,1660.000,1677.000,1677.000,1660.000,0.103,0.275,0.209,Valysar,CentralHorst,Totals,80839099.729,12484315.737,8683147.808,6055193.860,852571314.315,0.000,0.000,0.000,0.000,0.000,101383438.464,15213260.158
1,1660.000,1677.000,1677.000,1660.000,1677.000,1677.000,1660.000,0.103,0.275,0.209,Valysar,EastLowland,Floodplain,122802.785,11544.735,0.000,0.000,0.000,0.000,0.000,0.000,0.000,0.000,107193737.753,8355156.623
1,1660.000,1677.000,1677.000,1660.000,1677.000,1677.000,1660.000,0.103,0.275,0.209,Valysar,EastLowland,Channel,228165.393,67379.082,39349.538,27440.404,3863608.939,0.000,0.000,0.000,0.000,0.000,81416998.500,20659694.889
1,1660.000,1677.000,1677.000,1660.000,1677.000,1677.000,1660.000,0.103,0.275,0.209,Valysar,EastLowland,Crevasse,59389.956,12423.256,4991.640,3480.920,490113.595,0.000,0.000,0.000,0.000,0.000,35429040.241,6973597.046
1,1660.000,1677.000,1677.000,1660.000,1677.000,1677.000,1660.000,0.103,0.275,0.209,Valysar,EastLowland,Coal,22675.599,0.000,0.000,0.000,0.000,0.000,0.000,0.000,0.000,0.000,39315721.723,0.000
1,1660.000,1677.000,1677.000,1660.000,1677.000,1677.000,1660.000,0.103,0.275,0.209,Valysar,EastLowland,Totals,433033.732,91347.074,44341.178,30921.324,4353722.534,0.000,0.000,0.000,0.000,0.000,263355498.218,35988448.558
1,1660.000,1677.000,1677.000,1660.000,1677.000,1677.000,1660.000,0.103,0.275,0.209,Valysar,Totals,Floodplain,84930621.463,8475183.892,945805.215,659226.940,92953725.312,6825382.188,673495.680,139476.957,32436501.222,4962.785,500455132.213,46636060.475
1,1660.000,1677.000,1677.000,1660.000,1677.000,1677.000,1660.000,0.103,0.275,0.209,Valysar,Totals,Channel,60479100.764,16505790.707,15145087.070,10551351.523,1489734226.990,5840259.147,1529572.494,1468687.848,341555308.286,52257.962,363549728.185,95458048.521
1,1660.000,1677.000,1677.000,1660.000,1677.000,1677.000,1660.000,0.103,0.275,0.209,Valysar,Totals,Crevasse,20790833.698,4400506.397,3127099.612,2175322.328,308468786.651,3834114.836,813240.671,672959.858,156502290.235,23944.851,152598359.174,30972803.312
1,1660.000,1677.000,1677.000,1660.000,1677.000,1677.000,1660.000,0.103,0.275,0.209,Valysar,Totals,Coal,27451059.810,0.000,0.000,0.000,0.000,8202929.916,0.000,0.000,0.000,0.000,168037853.964,0.000
1,1660.000,1677.000,1677.000,1660.000,1677.000,1677.000,1660.000,0.103,0.275,0.209,Valysar,Totals,Totals,193651615.735,29381480.996,19217991.896,13385900.791,1891156738.950,24702686.088,3016308.845,2281124.663,530494099.743,81165.598,1184641073.540,173066912.308
2,1650.000,1667.000,1667.000,1650.000,1667.000,1667.000,1650.000,0.090,0.265,0.199,Valysar,WestLowland,Floodplain,1216406.393,120876.407,6266.711,4370.091,615308.860,0.000,0.000,0.000,0.000,0.000,220903569.222,21767002.056
2,1650.000,1667.000,1667.000,1650.000,1667.000,1667.000,1650.000,0.090,0.265,0.199,Valysar,WestLowland,Channel,2550085.457,673328.746,587145.157,409445.725,57649959.232,0.000,0.000,0.000,0.000,0.000,177897045.910,46726450.880
2,1650.000,1667.000,1667.000,1650.000,1667.000,1667.000,1650.000,0.090,0.265,0.199,Valysar,WestLowland,Crevasse,696757.366,155019.783,100430.351,70035.114,9860944.246,0.000,0.000,0.000,0.000,0.000,68625649.107,13932933.466
2,1650.000,1667.000,1667.000,1650.000,1667.000,1667.000,1650.000,0.090,0.265,0.199,Valysar,WestLowland,Coal,552776.938,0.000,0.000,0.000,0.000,0.000,0.000,0.000,0.000,0.000,62322202.995,0.000
2,1650.000,1667.000,1667.000,1650.000,1667.000,1667.000,1650.000,0.090,0.265,0.199,Valysar,WestLowland,Totals,5016026.154,949224.936,693842.219,483850.930,68126212.339,0.000,0.000,0.000,0.000,0.000,529748467.236,82426386.402
2,1650.000,1667.000,1667.000,1650.000,1667.000,1667.000,1650.000,0.090,0.265,0.199,Valysar,CentralSouth,Floodplain,23048252.008,2400961.703,110323.395,76934.029,10832311.517,0.000,0.000,0.000,0.000,0.000,61833630.571,6134454.260
2,1650.000,1667.000,1667.000,1650.000,1667.000,1667.000,1650.000,0.090,0.265,0.199,Valysar,CentralSouth,Channel,20324697.945,5477609.037,4926687.588,3435626.006,483736152.046,0.000,0.000,0.000,0.000,0.000,34994853.846,9397348.367
2,1650.000,1667.000,1667.000,1650.000,1667.000,1667.000,1650.000,0.090,0.265,0.199,Valysar,CentralSouth,Crevasse,6392862.006,1339406.908,892719.857,622538.268,87653390.254,0.000,0.000,0.000,0.000,0.000,16656155.919,3426141.636
2,1650.000,1667.000,1667.000,1650.000,1667.000,1667.000,1650.000,0.090,0.265,0.199,Valysar,CentralSouth,Coal,7309306.745,0.000,0.000,0.000,0.000,0.000,0.000,0.000,0.000,0.000,17723346.851,0.000
2,1650.000,1667.000,1667.000,1650.000,1667.000,1667.000,1650.000,0.090,0.265,0.199,Valysar,CentralSouth,Totals,57075118.704,9217977.648,5929730.840,4135098.303,582221853.817,0.000,0.000,0.000,0.000,0.000,131207987.188,18957944.264
2,1650.000,1667.000,1667.000,1650.000,1667.000,1667.000,1650.000,0.090,0.265,0.199,Valysar,CentralNorth,Floodplain,15994580.482,1549855.630,139814.468,97499.631,13727948.349,0.000,0.000,0.000,0.000,0.000,45107684.068,4058987.130
2,1650.000,1667.000,1667.000,1650.000,1667.000,1667.000,1650.000,0.090,0.265,0.199,Valysar,CentralNorth,Channel,8981674.846,2376127.460,2137730.264,1490746.381,209897095.040,0.000,0.000,0.000,0.000,0.000,24438885.852,6442508.657
2,1650.000,1667.000,1667.000,1650.000,1667.000,1667.000,1650.000,0.090,0.265,0.199,Valysar,CentralNorth,Crevasse,2733479.141,572617.757,398509.357,277900.534,39128396.087,0.000,0.000,0.000,0.000,0.000,12529817.099,2561345.028
2,1650.000,1667.000,1667.000,1650.000,1667.000,1667.000,1650.000,0.090,0.265,0.199,Valysar,CentralNorth,Coal,5602041.562,0.000,0.000,0.000,0.000,0.000,0.000,0.000,0.000,0.000,19229760.811,0.000
2,1650.000,1667.000,1667.000,1650.000,1667.000,1667.000,1650.000,0.090,0.265,0.199,Valysar,CentralNorth,Totals,33311776.031,4498600.848,2676054.088,1866146.545,262753439.476,0.000,0.000,0.000,0.000,0.000,101306147.830,13062840.816
2,1650.000,1667.000,1667.000,1650.000,1667.000,1667.000,1650.000,0.090,0.265,0.199,Valysar,NorthHorst,Floodplain,1584388.442,150000.337,3976.047,2442.289,478444.408,6825382.188,673495.680,139476.957,32436501.222,4962.785,14726674.401,1420779.214
2,1650.000,1667.000,1667.000,1650.000,1667.000,1667.000,1650.000,0.090,0.265,0.199,Valysar,NorthHorst,Channel,541998.009,140882.527,121255.009,74480.962,14590820.032,5840259.147,1529572.494,1468687.848,341555308.286,52257.962,11125296.607,2910472.300
2,1650.000,1667.000,1667.000,1650.000,1667.000,1667.000,1650.000,0.090,0.265,0.199,Valysar,NorthHorst,Crevasse,468578.291,100920.147,64511.233,39626.063,7762745.583,3834114.836,813240.671,672959.858,156502290.235,23944.851,6387980.254,1338568.854
2,1650.000,1667.000,1667.000,1650.000,1667.000,1667.000,1650.000,0.090,0.265,0.199,Valysar,NorthHorst,Coal,1250776.209,0.000,0.000,0.000,0.000,8202929.916,0.000,0.000,0.000,0.000,12268762.905,0.000
2,1650.000,1667.000,1667.000,1650.000,1667.000,1667.000,1650.000,0.090,0.265,0.199,Valysar,NorthHorst,Totals,3845740.951,391803.011,189742.289,116549.315,22832010.022,24702686.088,3016308.845,2281124.663,530494099.743,81165.598,44508714.168,5669820.369
2,1650.000,1667.000,1667.000,1650.000,1667.000,1667.000,1650.000,0.090,0.265,0.199,Valysar,CentralRamp,Floodplain,7155952.964,732978.829,111255.504,77584.035,10923832.399,0.000,0.000,0.000,0.000,0.000,7155952.964,732978.829
2,1650.000,1667.000,1667.000,1650.000,1667.000,1667.000,1650.000,0.090,0.265,0.199,Valysar,CentralRamp,Channel,2110775.852,583501.592,550018.581,383555.505,54004616.195,0.000,0.000,0.000,0.000,0.000,2110775.852,583501.592
2,1650.000,1667.000,1667.000,1650.000,1667.000,1667.000,1650.000,0.090,0.265,0.199,Valysar,CentralRamp,Crevasse,1947797.716,431731.321,339859.389,237000.974,33369737.852,0.000,0.000,0.000,0.000,0.000,1947797.716,431731.321
2,1650.000,1667.000,1667.000,1650.000,1667.000,1667.000,1650.000,0.090,0.265,0.199,Valysar,CentralRamp,Coal,1916293.901,0.000,0.000,0.000,0.000,0.000,0.000,0.000,0.000,0.000,1916293.901,0.000
2,1650.000,1667.000,1667.000,1650.000,1667.000,1667.000,1650.000,0.090,0.265,0.199,Valysar,CentralRamp,Totals,13130820.433,1748211.742,1001133.474,698140.513,98298186.445,0.000,0.000,0.000,0.000,0.000,13130820.433,1748211.742
2,1650.000,1667.000,1667.000,1650.000,1667.000,1667.000,1650.000,0.090,0.265,0.199,Valysar,CentralHorst,Floodplain,35808238.390,3508966.249,574169.091,400396.864,56375879.779,0.000,0.000,0.000,0.000,0.000,43533883.234,4166702.361
2,1650.000,1667.000,1667.000,1650.000,1667.000,1667.000,1650.000,0.090,0.265,0.199,Valysar,CentralHorst,Channel,25741703.262,7186962.263,6782900.932,4730056.541,665991975.501,0.000,0.000,0.000,0.000,0.000,31565871.616,8738071.836
2,1650.000,1667.000,1667.000,1650.000,1667.000,1667.000,1650.000,0.090,0.265,0.199,Valysar,CentralHorst,Crevasse,8491969.222,1788387.225,1326077.785,924740.455,130203459.035,0.000,0.000,0.000,0.000,0.000,11021918.837,2308485.960
2,1650.000,1667.000,1667.000,1650.000,1667.000,1667.000,1650.000,0.090,0.265,0.199,Valysar,CentralHorst,Coal,10797188.856,0.000,0.000,0.000,0.000,0.000,0.000,0.000,0.000,0.000,15261764.777,0.000
2,1650.000,1667.000,1667.000,1650.000,1667.000,1667.000,1650.000,0.090,0.265,0.199,Valysar,CentralHorst,Totals,80839099.729,12484315.737,8683147.808,6055193.860,852571314.315,0.000,0.000,0.000,0.000,0.000,101383438.464,15213260.158
2,1650.000,1667.000,1667.000,1650.000,1667.000,1667.000,1650.000,0.090,0.265,0.199,Valysar,EastLowland,Floodplain,122802.785,11544.735,0.000,0.000,0.000,0.000,0.000,0.000,0.000,0.000,107193737.753,8355156.623
2,1650.000,1667.000,1667.000,1650.000,1667.000,1667.000,1650.000,0.090,0.265,0.199,Valysar,EastLowland,Channel,228165.393,67379.082,39349.538,27440.404,3863608.939,0.000,0.000,0.000,0.000,0.000,81416998.500,20659694.889
2,1650.000,1667.000,1667.000,1650.000,1667.000,1667.000,1650.000,0.090,0.265,0.199,Valysar,EastLowland,Crevasse,59389.956,12423.256,4991.640,3480.920,490113.595,0.000,0.000,0.000,0.000,0.000,35429040.241,6973597.046
2,1650.000,1667.000,1667.000,1650.000,1667.000,1667.000,1650.000,0.090,0.265,0.199,Valysar,EastLowland,Coal,22675.599,0.000,0.000,0.000,0.000,0.000,0.000,0.000,0.000,0.000,39315721.723,0.000
2,1650.000,1667.000,1667.000,1650.000,1667.000,1667.000,1650.000,0.090,0.265,0.199,Valysar,EastLowland,Totals,433033.732,91347.074,44341.178,30921.324,4353722.534,0.000,0.000,0.000,0.000,0.000,263355498.218,35988448.558
2,1650.000,1667.000,1667.000,1650.000,1667.000,1667.000,1650.000,0.090,0.265,0.199,Valysar,Totals,Floodplain,84930621.463,8475183.892,945805.215,659226.940,92953725.312,6825382.188,673495.680,139476.957,32436501.222,4962.785,500455132.213,46636060.475
2,1650.000,1667.000,1667.000,1650.000,1667.000,1667.000,1650.000,0.090,0.265,0.199,Valysar,Totals,Channel,60479100.764,16505790.707,15145087.070,10551351.523,1489734226.990,5840259.147,1529572.494,1468687.848,341555308.286,52257.962,363549728.185,95458048.521
2,1650.000,1667.000,1667.000,1650.000,1667.000,1667.000,1650.000,0.090,0.265,0.199,Valysar,Totals,Crevasse,20790833.698,4400506.397,3127099.612,2175322.328,308468786.651,3834114.836,813240.671,672959.858,156502290.235,23944.851,152598359.174,30972803.312
2,1650.000,1667.000,1667.000,1650.000,1667.000,1667.000,1650.000,0.090,0.265,0.199,Valysar,Totals,Coal,27451059.810,0.000,0.000,0.000,0.000,8202929.916,0.000,0.000,0.000,0.000,168037853.964,0.000
2,1650.000,1667.000,1667.000,1650.000,1667.000,1667.000,1650.000,0.090,0.265,0.199,Valysar,Totals,Totals,193651615.735,29381480.996,19217991.896,13385900.791,1891156738.950,24702686.088,3016308.845,2281124.663,530494099.743,81165.598,1184641073.540,173066912.308
3,1670.000,1687.000,1687.000,1670.000,1687.000,1687.000,1670.000,0.113,0.285,0.219,Valysar,WestLowland,Floodplain,1216406.393,120876.407,6266.711,4370.091,615308.860,0.000,0.000,0.000,0.000,0.000,220903569.222,21767002.056
3,1670.000,1687.000,1687.000,1670.000,1687.000,1687.000,1670.000,0.113,0.285,0.219,Valysar,WestLowland,Channel,2550085.457,673328.746,587145.157,409445.725,57649959.232,0.000,0.000,0.000,0.000,0.000,177897045.910,46726450.880
3,1670.000,1687.000,1687.000,1670.000,1687.000,1687.000,1670.000,0.113,0.285,0.219,Valysar,WestLowland,Crevasse,696757.366,155019.783,100430.351,70035.114,9860944.246,0.000,0.000,0.000,0.000,0.000,68625649.107,13932933.466
3,1670.000,1687.000,1687.000,1670.000,1687.000,1687.000,1670.000,0.113,0.285,0.219,Valysar,WestLowland,Coal,552776.938,0.000,0.000,0.000,0.000,0.000,0.000,0.000,0.000,0.000,62322202.995,0.000
3,1670.000,1687.000,1687.000,1670.000,1687.000,1687.000,1670.000,0.113,0.285,0.219,Valysar,WestLowland,Totals,5016026.154,949224.936,693842.219,483850.930,68126212.339,0.000,0.000,0.000,0.000,0.000,529748467.236,82426386.402
3,1670.000,1687.000,1687.000,1670.000,1687.000,1687.000,1670.000,0.113,0.285,0.219,Valysar,CentralSouth,Floodplain,23048252.008,2400961.703,110323.395,76934.029,10832311.517,0.000,0.000,0.000,0.000,0.000,61833630.571,6134454.260
3,1670.000,1687.000,1687.000,1670.000,1687.000,1687.000,1670.000,0.113,0.285,0.219,Valysar,CentralSouth,Channel,20324697.945,5477609.037,4926687.588,3435626.006,483736152.046,0.000,0.000,0.000,0.000,0.000,34994853.846,9397348.367
3,1670.000,1687.000,1687.000,1670.000,1687.000,1687.000,1670.000,0.113,0.285,0.219,Valysar,CentralSouth,Crevasse,6392862.006,1339406.908,892719.857,622538.268,87653390.254,0.000,0.000,0.000,0.000,0.000,16656155.919,3426141.636
3,1670.000,1687.000,1687.000,1670.000,1687.000,1687.000,1670.000,0.113,0.285,0.219,Valysar,CentralSouth,Coal,7309306.745,0.000,0.000,0.000,0.000,0.000,0.000,0.000,0.000,0.000,17723346.851,0.000
3,1670.000,1687.000,1687.000,1670.000,1687.000,1687.000,1670.000,0.113,0.285,0.219,Valysar,CentralSouth,Totals,57075118.704,9217977.648,5929730.840,4135098.303,582221853.817,0.000,0.000,0.000,0.000,0.000,131207987.188,18957944.264
3,1670.000,1687.000,1687.000,1670.000,1687.000,1687.000,1670.000,0.113,0.285,0.219,Valysar,CentralNorth,Floodplain,15994580.482,1549855.630,139814.468,97499.631,13727948.349,0.000,0.000,0.000,0.000,0.000,45107684.068,4058987.130
3,1670.000,1687.000,1687.000,1670.000,1687.000,1687.000,1670.000,0.113,0.285,0.219,Valysar,CentralNorth,Channel,8981674.846,2376127.460,2137730.264,1490746.381,209897095.040,0.000,0.000,0.000,0.000,0.000,24438885.852,6442508.657
3,1670.000,1687.000,1687.000,1670.000,1687.000,1687.000,1670.000,0.113,0.285,0.219,Valysar,CentralNorth,Crevasse,2733479.141,572617.757,398509.357,277900.534,39128396.087,0.000,0.000,0.000,0.000,0.000,12529817.099,2561345.028
3,1670.000,1687.000,1687.000,1670.000,1687.000,1687.000,1670.000,0.113,0.285,0.219,Valysar,CentralNorth,Coal,5602041.562,0.000,0.000,0.000,0.000,0.000,0.000,0.000,0.000,0.000,19229760.811,0.000
3,1670.000,1687.000,1687.000,1670.000,1687.000,1687.000,1670.000,0.113,0.285,0.219,Valysar,CentralNorth,Totals,33311776.031,4498600.848,2676054.088,1866146.545,262753439.476,0.000,0.000,0.000,0.000,0.000,101306147.830,13062840.816
3,1670.000,1687.000,1687.000,1670.000,1687.000,1687.000,1670.000,0.113,0.285,0.219,Valysar,NorthHorst,Floodplain,1584388.442,150000.337,3976.047,2442.289,478444.408,6825382.188,673495.680,139476.957,32436501.222,4962.785,14726674.401,1420779.214
3,1670.000,1687.000,1687.000,1670.000,1687.000,1687.000,1670.000,0.113,0.285,0.219,Valysar,NorthHorst,Channel,541998.009,140882.527,121255.009,74480.962,14590820.032,5840259.147,1529572.494,1468687.848,341555308.286,52257.962,11125296.607,2910472.300
3,1670.000,1687.000,1687.000,1670.000,1687.000,1687.000,1670.000,0.113,0.285,0.219,Valysar,NorthHorst,Crevasse,468578.291,100920.147,64511.233,39626.063,7762745.583,3834114.836,813240.671,672959.858,156502290.235,23944.851,6387980.254,1338568.854
3,1670.000,1687.000,1687.000,1670.000,1687.000,1687.000,1670.000,0.113,0.285,0.219,Valysar,NorthHorst,Coal,1250776.209,0.000,0.000,0.000,0.000,8202929.916,0.000,0.000,0.000,0.000,12268762.905,0.000
3,1670.000,1687.000,1687.000,1670.000,1687.000,1687.000,1670.000,0.113,0.285,0.219,Valysar,NorthHorst,Totals,3845740.951,391803.011,189742.289,116549.315,22832010.022,24702686.088,3016308.845,2281124.663,530494099.743,81165.598,44508714.168,5669820.369
3,1670.000,1687.000,1687.000,1670.000,1687.000,1687.000,1670.000,0.113,0.285,0.219,Valysar,CentralRamp,Floodplain,7155952.964,732978.829,111255.504,77584.035,10923832.399,0.000,0.000,0.000,0.000,0.000,7155952.964,732978.829
3,1670.000,1687.000,1687.000,1670.000,1687.000,1687.000,1670.000,0.113,0.285,0.219,Valysar,CentralRamp,Channel,2110775.852,583501.592,550018.581,383555.505,54004616.195,0.000,0.000,0.000,0.000,0.000,2110775.852,583501.592
3,1670.000,1687.000,1687.000,1670.000,1687.000,1687.000,1670.000,0.113,0.285,0.219,Valysar,CentralRamp,Crevasse,1947797.716,431731.321,339859.389,237000.974,33369737.852,0.000,0.000,0.000,0.000,0.000,1947797.716,431731.321
3,1670.000,1687.000,1687.000,1670.000,1687.000,1687.000,1670.000,0.113,0.285,0.219,Valysar,CentralRamp,Coal,1916293.901,0.000,0.000,0.000,0.000,0.000,0.000,0.000,0.000,0.000,1916293.901,0.000
3,1670.000,1687.000,1687.000,1670.000,1687.000,1687.000,1670.000,0.113,0.285,0.219,Valysar,CentralRamp,Totals,13130820.433,1748211.742,1001133.474,698140.513,98298186.445,0.000,0.000,0.000,0.000,0.000,13130820.433,1748211.742
3,1670.000,1687.000,1687.000,1670.000,1687.000,1687.000,1670.000,0.113,0.285,0.219,Valysar,CentralHorst,Floodplain,35808238.390,3508966.249,574169.091,400396.864,56375879.779,0.000,0.000,0.000,0.000,0.000,43533883.234,4166702.361
3,1670.000,1687.000,1687.000,1670.000,1687.000,1687.000,1670.000,0.113,0.285,0.219,Valysar,CentralHorst,Channel,25741703.262,7186962.263,6782900.932,4730056.541,665991975.501,0.000,0.000,0.000,0.000,0.000,31565871.616,8738071.836
3,1670.000,1687.000,1687.000,1670.000,1687.000,1687.000,1670.000,0.113,0.285,0.219,Valysar,CentralHorst,Crevasse,8491969.222,1788387.225,1326077.785,924740.455,130203459.035,0.000,0.000,0.000,0.000,0.000,11021918.837,2308485.960
3,1670.000,1687.000,1687.000,1670.000,1687.000,1687.000,1670.000,0.113,0.285,0.219,Valysar,CentralHorst,Coal,10797188.856,0.000,0.000,0.000,0.000,0.000,0.000,0.000,0.000,0.000,15261764.777,0.000
3,1670.000,1687.000,1687.000,1670.000,1687.000,1687.000,1670.000,0.113,0.285,0.219,Valysar,CentralHorst,Totals,80839099.729,12484315.737,8683147.808,6055193.860,852571314.315,0.000,0.000,0.000,0.000,0.000,101383438.464,15213260.158
3,1670.000,1687.000,1687.000,1670.000,1687.000,1687.000,1670.000,0.113,0.285,0.219,Valysar,EastLowland,Floodplain,122802.785,11544.735,0.000,0.000,0.000,0.000,0.000,0.000,0.000,0.000,107193737.753,8355156.623
3,1670.000,1687.000,1687.000,1670.000,1687.000,1687.000,1670.000,0.113,0.285,0.219,Valysar,EastLowland,Channel,228165.393,67379.082,39349.538,27440.404,3863608.939,0.000,0.000,0.000,0.000,0.000,81416998.500,20659694.889
3,1670.000,1687.000,1687.000,1670.000,1687.000,1687.000,1670.000,0.113,0.285,0.219,Valysar,EastLowland,Crevasse,59389.956,12423.256,4991.640,3480.920,490113.595,0.000,0.000,0.000,0.000,0.000,35429040.241,6973597.046
3,1670.000,1687.000,1687.000,1670.000,1687.000,1687.000,1670.000,0.113,0.285,0.219,Valysar,EastLowland,Coal,22675.599,0.000,0.000,0.000,0.000,0.000,0.000,0.000,0.000,0.000,39315721.723,0.000
3,1670.000,1687.000,1687.000,1670.000,1687.000,1687.000,1670.000,0.113,0.285,0.219,Valysar,EastLowland,Totals,433033.732,91347.074,44341.178,30921.324,4353722.534,0.000,0.000,0.000,0.000,0.000,263355498.218,35988448.558
3,1670.000,1687.000,1687.000,1670.000,1687.000,1687.000,1670.000,0.113,0.285,0.219,Valysar,Totals,Floodplain,84930621.463,8475183.892,945805.215,659226.940,92953725.312,6825382.188,673495.680,139476.957,32436501.222,4962.785,500455132.213,46636060.475
3,1670.000,1687.000,1687.000,1670.000,1687.000,1687.000,1670.000,0.113,0.285,0.219,Valysar,Totals,Channel,60479100.764,16505790.707,15145087.070,10551351.523,1489734226.990,5840259.147,1529572.494,1468687.848,341555308.286,52257.962,363549728.185,95458048.521
3,1670.000,1687.000,1687.000,1670.000,1687.000,1687.000,1670.000,0.113,0.285,0.219,Valysar,Totals,Crevasse,20790833.698,4400506.397,3127099.612,2175322.328,308468786.651,3834114.836,813240.671,672959.858,156502290.235,23944.851,152598359.174,30972803.312
3,1670.000,1687.000,1687.000,1670.000,1687.000,1687.000,1670.000,0.113,0.285,0.219,Valysar,Totals,Coal,27451059.810,0.000,0.000,0.000,0.000,8202929.916,0.000,0.000,0.000,0.000,168037853.964,0.000
3,1670.000,1687.000,1687.000,1670.000,1687.000,1687.000,1670.000,0.113,0.285,0.219,Valysar,Totals,Totals,193651615.735,29381480.996,19217991.896,13385900.791,1891156738.950,24702686.088,3016308.845,2281124.663,530494099.743,81165.598,1184641073.540,173066912.308
